,Position,Team,Played,W,D,L,GF,GA,GD,PTS,Year,League
0,1,Manchester City,38,32,2,4,95,23,72,98,2018,epl
1,2,Liverpool,38,30,7,1,89,22,67,97,2018,epl
2,3,Chelsea,38,21,9,8,63,39,24,72,2018,epl
3,4,Tottenham Hotspur,38,23,2,13,67,39,28,71,2018,epl
4,5,Arsenal,38,21,7,10,73,51,22,70,2018,epl
5,6,Manchester United,38,19,9,10,65,54,11,66,2018,epl
6,7,Wolverhampton Wanderers,38,16,9,13,47,46,1,57,2018,epl
7,8,Everton,38,15,9,14,54,46,8,54,2018,epl
8,9,Leicester City,38,15,7,16,51,48,3,52,2018,epl
9,10,West Ham United,38,15,7,16,52,55,-3,52,2018,epl
10,11,Watford,38,14,8,16,52,59,-7,50,2018,epl
11,12,Crystal Palace,38,14,7,17,51,53,-2,49,2018,epl
12,13,Newcastle United,38,12,9,17,42,48,-6,45,2018,epl
13,14,Bournemouth,38,13,6,19,56,70,-14,45,2018,epl
14,15,Burnley,38,11,7,20,45,68,-23,40,2018,epl
15,16,Southampton,38,9,12,17,45,65,-20,39,2018,epl
16,17,Brighton and Hove Albion,38,9,9,20,35,60,-25,36,2018,epl
17,18,Cardiff City,38,10,4,24,34,69,-35,34,2018,epl
18,19,Fulham,38,7,5,26,34,81,-47,26,2018,epl
19,20,Huddersfield Town,38,3,7,28,22,76,-54,16,2018,epl
20,1,Manchester City,38,32,4,2,106,27,79,100,2017,epl
21,2,Manchester United,38,25,6,7,68,28,40,81,2017,epl
22,3,Tottenham Hotspur,38,23,8,7,74,36,38,77,2017,epl
23,4,Liverpool,38,21,12,5,84,38,46,75,2017,epl
24,5,Chelsea,38,21,7,10,62,38,24,70,2017,epl
25,6,Arsenal,38,19,6,13,74,51,23,63,2017,epl
26,7,Burnley,38,14,12,12,36,39,-3,54,2017,epl
27,8,Everton,38,13,10,15,44,58,-14,49,2017,epl
28,9,Leicester City,38,12,11,15,56,60,-4,47,2017,epl
29,10,Newcastle United,38,12,8,18,39,47,-8,44,2017,epl
30,11,Crystal Palace,38,11,11,16,45,55,-10,44,2017,epl
31,12,Bournemouth,38,11,11,16,45,61,-16,44,2017,epl
32,13,West Ham United,38,10,12,16,48,68,-20,42,2017,epl
33,14,Watford,38,11,8,19,44,64,-20,41,2017,epl
34,15,Brighton and Hove Albion,38,9,13,16,34,54,-20,40,2017,epl
35,16,Huddersfield Town,38,9,10,19,28,58,-30,37,2017,epl
36,17,Southampton,38,7,15,16,37,56,-19,36,2017,epl
37,18,Swansea City,38,8,9,21,28,56,-28,33,2017,epl
38,19,Stoke City,38,7,12,19,35,68,-33,33,2017,epl
39,20,West Bromwich Albion,38,6,13,19,31,56,-25,31,2017,epl
40,1,Chelsea,38,30,3,5,85,33,52,93,2016,epl
41,2,Tottenham Hotspur,38,26,8,4,86,26,60,86,2016,epl
42,3,Manchester City,38,23,9,6,80,39,41,78,2016,epl
43,4,Liverpool,38,22,10,6,78,42,36,76,2016,epl
44,5,Arsenal,38,23,6,9,77,44,33,75,2016,epl
45,6,Manchester United,38,18,15,5,54,29,25,69,2016,epl
46,7,Everton,38,17,10,11,62,44,18,61,2016,epl
47,8,Southampton,38,12,10,16,41,48,-7,46,2016,epl
48,9,Bournemouth,38,12,10,16,55,67,-12,46,2016,epl
49,10,West Bromwich Albion,38,12,9,17,43,51,-8,45,2016,epl
50,11,West Ham United,38,12,9,17,47,64,-17,45,2016,epl
51,12,Leicester City,38,12,8,18,48,63,-15,44,2016,epl
52,13,Stoke City,38,11,11,16,41,56,-15,44,2016,epl
53,14,Crystal Palace,38,12,5,21,50,63,-13,41,2016,epl
54,15,Swansea City,38,12,5,21,45,70,-25,41,2016,epl
55,16,Burnley,38,11,7,20,39,55,-16,40,2016,epl
56,17,Watford,38,11,7,20,40,68,-28,40,2016,epl
57,18,Hull City,38,9,7,22,37,80,-43,34,2016,epl
58,19,Middlesbrough,38,5,13,20,27,53,-26,28,2016,epl
59,20,Sunderland,38,6,6,26,29,69,-40,24,2016,epl
60,1,Leicester City,38,23,12,3,68,36,32,81,2015,epl
61,2,Arsenal,38,20,11,7,65,36,29,71,2015,epl
62,3,Tottenham Hotspur,38,19,13,6,69,35,34,70,2015,epl
63,4,Manchester City,38,19,9,10,71,41,30,66,2015,epl
64,5,Manchester United,38,19,9,10,49,35,14,66,2015,epl
65,6,Southampton,38,18,9,11,59,41,18,63,2015,epl
66,7,West Ham United,38,16,14,8,65,51,14,62,2015,epl
67,8,Liverpool,38,16,12,10,63,50,13,60,2015,epl
68,9,Stoke City,38,14,9,15,41,55,-14,51,2015,epl
69,10,Chelsea,38,12,14,12,59,53,6,50,2015,epl
70,11,Everton,38,11,14,13,59,55,4,47,2015,epl
71,12,Swansea City,38,12,11,15,42,52,-10,47,2015,epl
72,13,Watford,38,12,9,17,40,50,-10,45,2015,epl
73,14,West Bromwich Albion,38,10,13,15,34,48,-14,43,2015,epl
74,15,Crystal Palace,38,11,9,18,39,51,-12,42,2015,epl
75,16,Bournemouth,38,11,9,18,45,67,-22,42,2015,epl
76,17,Sunderland,38,9,12,17,48,62,-14,39,2015,epl
77,18,Newcastle United,38,9,10,19,44,65,-21,37,2015,epl
78,19,Norwich City,38,9,7,22,39,67,-28,34,2015,epl
79,20,Aston Villa,38,3,8,27,27,76,-49,17,2015,epl
80,1,Chelsea,38,26,9,3,73,32,41,87,2014,epl
81,2,Manchester City,38,24,7,7,83,38,45,79,2014,epl
82,3,Arsenal,38,22,9,7,71,36,35,75,2014,epl
83,4,Manchester United,38,20,10,8,62,37,25,70,2014,epl
84,5,Tottenham Hotspur,38,19,7,12,58,53,5,64,2014,epl
85,6,Liverpool,38,18,8,12,52,48,4,62,2014,epl
86,7,Southampton,38,18,6,14,54,33,21,60,2014,epl
87,8,Swansea City,38,16,8,14,46,49,-3,56,2014,epl
88,9,Stoke City,38,15,9,14,48,45,3,54,2014,epl
89,10,Crystal Palace,38,13,9,16,47,51,-4,48,2014,epl
90,11,Everton,38,12,11,15,48,50,-2,47,2014,epl
91,12,West Ham United,38,12,11,15,44,47,-3,47,2014,epl
92,13,West Bromwich Albion,38,11,11,16,38,51,-13,44,2014,epl
93,14,Leicester City,38,11,8,19,46,55,-9,41,2014,epl
94,15,Newcastle United,38,10,9,19,40,63,-23,39,2014,epl
95,16,Sunderland,38,7,17,14,31,53,-22,38,2014,epl
96,17,Aston Villa,38,10,8,20,31,57,-26,38,2014,epl
97,18,Hull City,38,8,11,19,33,51,-18,35,2014,epl
98,19,Burnley,38,7,12,19,28,53,-25,33,2014,epl
99,20,Queens Park Rangers,38,8,6,24,42,73,-31,30,2014,epl
100,1,Manchester City,38,27,5,6,102,37,65,86,2013,epl
101,2,Liverpool,38,26,6,6,101,50,51,84,2013,epl
102,3,Chelsea,38,25,7,6,71,27,44,82,2013,epl
103,4,Arsenal,38,24,7,7,68,41,27,79,2013,epl
104,5,Everton,38,21,9,8,61,39,22,72,2013,epl
105,6,Tottenham Hotspur,38,21,6,11,55,51,4,69,2013,epl
106,7,Manchester United,38,19,7,12,64,43,21,64,2013,epl
107,8,Southampton,38,15,11,12,54,46,8,56,2013,epl
108,9,Stoke City,38,13,11,14,45,52,-7,50,2013,epl
109,10,Newcastle United,38,15,4,19,43,59,-16,49,2013,epl
110,11,Crystal Palace,38,13,6,19,33,48,-15,45,2013,epl
111,12,Swansea City,38,11,9,18,54,54,0,42,2013,epl
112,13,West Ham United,38,11,7,20,40,51,-11,40,2013,epl
113,14,Sunderland,38,10,8,20,41,60,-19,38,2013,epl
114,15,Aston Villa,38,10,8,20,39,61,-22,38,2013,epl
115,16,Hull City,38,10,7,21,38,53,-15,37,2013,epl
116,17,West Bromwich Albion,38,7,15,16,43,59,-16,36,2013,epl
117,18,Norwich City,38,8,9,21,28,62,-34,33,2013,epl
118,19,Fulham,38,9,5,24,40,85,-45,32,2013,epl
119,20,Cardiff City,38,7,9,22,32,74,-42,30,2013,epl
120,1,Manchester United,38,28,5,5,86,43,43,89,2012,epl
121,2,Manchester City,38,23,9,6,66,34,32,78,2012,epl
122,3,Chelsea,38,22,9,7,75,39,36,75,2012,epl
123,4,Arsenal,38,21,10,7,72,37,35,73,2012,epl
124,5,Tottenham Hotspur,38,21,9,8,66,46,20,72,2012,epl
125,6,Everton,38,16,15,7,55,40,15,63,2012,epl
126,7,Liverpool,38,16,13,9,71,43,28,61,2012,epl
127,8,West Bromwich Albion,38,14,7,17,53,57,-4,49,2012,epl
128,9,Swansea City,38,11,13,14,47,51,-4,46,2012,epl
129,10,West Ham United,38,12,10,16,45,53,-8,46,2012,epl
130,11,Norwich City,38,10,14,14,41,58,-17,44,2012,epl
131,12,Fulham,38,11,10,17,50,60,-10,43,2012,epl
132,13,Stoke City,38,9,15,14,34,45,-11,42,2012,epl
133,14,Southampton,38,9,14,15,49,60,-11,41,2012,epl
134,15,Aston Villa,38,10,11,17,47,69,-22,41,2012,epl
135,16,Newcastle United,38,11,8,19,45,68,-23,41,2012,epl
136,17,Sunderland,38,9,12,17,41,54,-13,39,2012,epl
137,18,Wigan Athletic,38,9,9,20,47,73,-26,36,2012,epl
138,19,Reading,38,6,10,22,43,73,-30,28,2012,epl
139,20,Queens Park Rangers,38,4,13,21,30,60,-30,25,2012,epl
140,1,Manchester City,38,28,5,5,93,29,64,89,2011,epl
141,2,Manchester United,38,28,5,5,89,33,56,89,2011,epl
142,3,Arsenal,38,21,7,10,74,49,25,70,2011,epl
143,4,Tottenham Hotspur,38,20,9,9,66,41,25,69,2011,epl
144,5,Newcastle United,38,19,8,11,56,51,5,65,2011,epl
145,6,Chelsea,38,18,10,10,65,46,19,64,2011,epl
146,7,Everton,38,15,11,12,50,40,10,56,2011,epl
147,8,Liverpool,38,14,10,14,47,40,7,52,2011,epl
148,9,Fulham,38,14,10,14,48,51,-3,52,2011,epl
149,10,West Bromwich Albion,38,13,8,17,45,52,-7,47,2011,epl
150,11,Swansea City,38,12,11,15,44,51,-7,47,2011,epl
151,12,Norwich City,38,12,11,15,52,66,-14,47,2011,epl
152,13,Sunderland,38,11,12,15,45,46,-1,45,2011,epl
153,14,Stoke City,38,11,12,15,36,53,-17,45,2011,epl
154,15,Wigan Athletic,38,11,10,17,42,62,-20,43,2011,epl
155,16,Aston Villa,38,7,17,14,37,53,-16,38,2011,epl
156,17,Queens Park Rangers,38,10,7,21,43,66,-23,37,2011,epl
157,18,Bolton Wanderers,38,10,6,22,46,77,-31,36,2011,epl
158,19,Blackburn Rovers,38,8,7,23,48,78,-30,31,2011,epl
159,20,Wolverhampton Wanderers,38,5,10,23,40,82,-42,25,2011,epl
160,1,Manchester United,38,23,11,4,78,37,41,80,2010,epl
161,2,Chelsea,38,21,8,9,69,33,36,71,2010,epl
162,3,Manchester City,38,21,8,9,60,33,27,71,2010,epl
163,4,Arsenal,38,19,11,8,72,43,29,68,2010,epl
164,5,Tottenham Hotspur,38,16,14,8,55,46,9,62,2010,epl
165,6,Liverpool,38,17,7,14,59,44,15,58,2010,epl
166,7,Everton,38,13,15,10,51,45,6,54,2010,epl
167,8,Fulham,38,11,16,11,49,43,6,49,2010,epl
168,9,Aston Villa,38,12,12,14,48,59,-11,48,2010,epl
169,10,Sunderland,38,12,11,15,45,56,-11,47,2010,epl
170,11,West Bromwich Albion,38,12,11,15,56,71,-15,47,2010,epl
171,12,Newcastle United,38,11,13,14,56,57,-1,46,2010,epl
172,13,Stoke City,38,13,7,18,46,48,-2,46,2010,epl
173,14,Bolton Wanderers,38,12,10,16,52,56,-4,46,2010,epl
174,15,Blackburn Rovers,38,11,10,17,46,59,-13,43,2010,epl
175,16,Wigan Athletic,38,9,15,14,40,61,-21,42,2010,epl
176,17,Wolverhampton Wanderers,38,11,7,20,46,66,-20,40,2010,epl
177,18,Birmingham City,38,8,15,15,37,58,-21,39,2010,epl
178,19,Blackpool,38,10,9,19,55,78,-23,39,2010,epl
179,20,West Ham United,38,7,12,19,43,70,-27,33,2010,epl
180,1,Chelsea,38,27,5,6,103,32,71,86,2009,epl
181,2,Manchester United,38,27,4,7,86,28,58,85,2009,epl
182,3,Arsenal,38,23,6,9,83,41,42,75,2009,epl
183,4,Tottenham Hotspur,38,21,7,10,67,41,26,70,2009,epl
184,5,Manchester City,38,18,13,7,73,45,28,67,2009,epl
185,6,Aston Villa,38,17,13,8,52,39,13,64,2009,epl
186,7,Liverpool,38,18,9,11,61,35,26,63,2009,epl
187,8,Everton,38,16,13,9,60,49,11,61,2009,epl
188,9,Birmingham City,38,13,11,14,38,47,-9,50,2009,epl
189,10,Blackburn Rovers,38,13,11,14,41,55,-14,50,2009,epl
190,11,Stoke City,38,11,14,13,34,48,-14,47,2009,epl
191,12,Fulham,38,12,10,16,39,46,-7,46,2009,epl
192,13,Sunderland,38,11,11,16,48,56,-8,44,2009,epl
193,14,Bolton Wanderers,38,10,9,19,42,67,-25,39,2009,epl
194,15,Wolverhampton Wanderers,38,9,11,18,32,56,-24,38,2009,epl
195,16,Wigan Athletic,38,9,9,20,37,79,-42,36,2009,epl
196,17,West Ham United,38,8,11,19,47,66,-19,35,2009,epl
197,18,Burnley,38,8,6,24,42,82,-40,30,2009,epl
198,19,Hull City,38,6,12,20,34,75,-41,30,2009,epl
199,20,Portsmouth *,38,7,7,24,34,66,-32,19,2009,epl
200,1,Manchester United,38,28,6,4,68,24,44,90,2008,epl
201,2,Liverpool,38,25,11,2,77,27,50,86,2008,epl
202,3,Chelsea,38,25,8,5,68,24,44,83,2008,epl
203,4,Arsenal,38,20,12,6,68,37,31,72,2008,epl
204,5,Everton,38,17,12,9,55,37,18,63,2008,epl
205,6,Aston Villa,38,17,11,10,54,48,6,62,2008,epl
206,7,Fulham,38,14,11,13,39,34,5,53,2008,epl
207,8,Tottenham Hotspur,38,14,9,15,45,45,0,51,2008,epl
208,9,West Ham United,38,14,9,15,42,45,-3,51,2008,epl
209,10,Manchester City,38,15,5,18,58,50,8,50,2008,epl
210,11,Wigan Athletic,38,12,9,17,34,45,-11,45,2008,epl
211,12,Stoke City,38,12,9,17,38,55,-17,45,2008,epl
212,13,Bolton Wanderers,38,11,8,19,41,53,-12,41,2008,epl
213,14,Portsmouth,38,10,11,17,38,57,-19,41,2008,epl
214,15,Blackburn Rovers,38,10,11,17,40,60,-20,41,2008,epl
215,16,Sunderland,38,9,9,20,34,54,-20,36,2008,epl
216,17,Hull City,38,8,11,19,39,64,-25,35,2008,epl
217,18,Newcastle United,38,7,13,18,40,59,-19,34,2008,epl
218,19,Middlesbrough,38,7,11,20,28,57,-29,32,2008,epl
219,20,West Bromwich Albion,38,8,8,22,36,67,-31,32,2008,epl
220,1,Juventus,38,28,6,4,70,30,40,90,2018,serie a
221,2,Napoli,38,24,7,7,74,36,38,79,2018,serie a
222,3,Atalanta,38,20,9,9,77,46,31,69,2018,serie a
223,4,Inter Milan,38,20,9,9,57,33,24,69,2018,serie a
224,5,AC Milan,38,19,11,8,55,36,19,68,2018,serie a
225,6,Roma,38,18,12,8,66,48,18,66,2018,serie a
226,7,Torino,38,16,15,7,52,37,15,63,2018,serie a
227,8,Lazio,38,17,8,13,56,46,10,59,2018,serie a
228,9,Sampdoria,38,15,8,15,60,51,9,53,2018,serie a
229,10,Bologna,38,11,11,16,48,56,-8,44,2018,serie a
230,11,Sassuolo,38,9,16,13,53,60,-7,43,2018,serie a
231,12,Udinese,38,11,10,17,39,53,-14,43,2018,serie a
232,13,Spal,38,11,9,18,44,56,-12,42,2018,serie a
233,14,Parma,38,10,11,17,41,61,-20,41,2018,serie a
234,15,Cagliari,38,10,11,17,36,54,-18,41,2018,serie a
235,16,Fiorentina,38,8,17,13,47,45,2,41,2018,serie a
236,17,Genoa,38,8,14,16,39,57,-18,38,2018,serie a
237,18,Empoli,38,10,8,20,51,70,-19,38,2018,serie a
238,19,Frosinone,38,5,10,23,29,69,-40,25,2018,serie a
239,20,Chievo,38,2,14,22,25,75,-50,17,2018,serie a
240,1,Juventus,38,30,5,3,86,24,62,95,2017,serie a
241,2,Napoli,38,28,7,3,77,29,48,91,2017,serie a
242,3,Roma,38,23,8,7,61,28,33,77,2017,serie a
243,4,Inter Milan,38,20,12,6,66,30,36,72,2017,serie a
244,5,Lazio,38,21,9,8,89,49,40,72,2017,serie a
245,6,AC Milan,38,18,10,10,56,42,14,64,2017,serie a
246,7,Atalanta,38,16,12,10,57,39,18,60,2017,serie a
247,8,Fiorentina,38,16,9,13,54,46,8,57,2017,serie a
248,9,Torino,38,13,15,10,54,46,8,54,2017,serie a
249,10,Sampdoria,38,16,6,16,56,60,-4,54,2017,serie a
250,11,Sassuolo,38,11,10,17,29,59,-30,43,2017,serie a
251,12,Genoa,38,11,8,19,33,43,-10,41,2017,serie a
252,13,Chievo,38,10,10,18,36,59,-23,40,2017,serie a
253,14,Udinese,38,12,4,22,48,63,-15,40,2017,serie a
254,15,Bologna,38,11,6,21,40,52,-12,39,2017,serie a
255,16,Cagliari,38,11,6,21,33,61,-28,39,2017,serie a
256,17,Spal,38,8,14,16,39,59,-20,38,2017,serie a
257,18,Crotone,38,9,8,21,40,66,-26,35,2017,serie a
258,19,Verona,38,7,4,27,30,78,-48,25,2017,serie a
259,20,Benevento,38,6,3,29,33,84,-51,21,2017,serie a
260,1,Juventus,38,29,4,5,77,27,50,91,2016,serie a
261,2,Roma,38,28,3,7,90,38,52,87,2016,serie a
262,3,Napoli,38,26,8,4,94,39,55,86,2016,serie a
263,4,Atalanta,38,21,9,8,62,41,21,72,2016,serie a
264,5,Lazio,38,21,7,10,74,51,23,70,2016,serie a
265,6,AC Milan,38,18,9,11,57,45,12,63,2016,serie a
266,7,Inter Milan,38,19,5,14,72,49,23,62,2016,serie a
267,8,Fiorentina,38,16,12,10,63,57,6,60,2016,serie a
268,9,Torino,38,13,14,11,71,66,5,53,2016,serie a
269,10,Sampdoria,38,12,12,14,49,55,-6,48,2016,serie a
270,11,Cagliari,38,14,5,19,55,76,-21,47,2016,serie a
271,12,Sassuolo,38,13,7,18,58,63,-5,46,2016,serie a
272,13,Udinese,38,12,9,17,47,56,-9,45,2016,serie a
273,14,Chievo,38,12,7,19,43,61,-18,43,2016,serie a
274,15,Bologna,38,11,8,19,40,58,-18,41,2016,serie a
275,16,Genoa,38,9,9,20,38,64,-26,36,2016,serie a
276,17,Crotone,38,9,7,22,34,58,-24,34,2016,serie a
277,18,Empoli,38,8,8,22,29,61,-32,32,2016,serie a
278,19,Palermo,38,6,8,24,33,77,-44,26,2016,serie a
279,20,Pescara,38,3,9,26,37,81,-44,18,2016,serie a
280,1,Juventus,38,29,4,5,75,20,55,91,2015,serie a
281,2,Napoli,38,25,7,6,80,32,48,82,2015,serie a
282,3,Roma,38,23,11,4,83,41,42,80,2015,serie a
283,4,Inter Milan,38,20,7,11,50,38,12,67,2015,serie a
284,5,Fiorentina,38,18,10,10,60,42,18,64,2015,serie a
285,6,Sassuolo,38,16,13,9,49,40,9,61,2015,serie a
286,7,AC Milan,38,15,12,11,49,43,6,57,2015,serie a
287,8,Lazio,38,15,9,14,52,52,0,54,2015,serie a
288,9,Chievo,38,13,11,14,43,45,-2,50,2015,serie a
289,10,Empoli,38,12,10,16,40,49,-9,46,2015,serie a
290,11,Genoa,38,13,7,18,45,48,-3,46,2015,serie a
291,12,Torino,38,12,9,17,52,55,-3,45,2015,serie a
292,13,Atalanta,38,11,12,15,41,47,-6,45,2015,serie a
293,14,Bologna,38,11,9,18,33,45,-12,42,2015,serie a
294,15,Sampdoria,38,10,10,18,48,61,-13,40,2015,serie a
295,16,Palermo,38,10,9,19,38,65,-27,39,2015,serie a
296,17,Udinese,38,10,9,19,35,60,-25,39,2015,serie a
297,18,Carpi,38,9,11,18,37,57,-20,38,2015,serie a
298,19,Frosinone,38,8,7,23,35,76,-41,31,2015,serie a
299,20,Verona,38,5,13,20,34,63,-29,28,2015,serie a
300,1,Juventus,38,26,9,3,72,24,48,87,2014,serie a
301,2,Roma,38,19,13,6,54,31,23,70,2014,serie a
302,3,Lazio,38,21,6,11,71,38,33,69,2014,serie a
303,4,Fiorentina,38,18,10,10,61,46,15,64,2014,serie a
304,5,Napoli,38,18,9,11,70,54,16,63,2014,serie a
305,6,Genoa,38,16,11,11,62,47,15,59,2014,serie a
306,7,Sampdoria,38,13,17,8,48,42,6,56,2014,serie a
307,8,Inter Milan,38,14,13,11,59,48,11,55,2014,serie a
308,9,Torino,38,14,12,12,48,45,3,54,2014,serie a
309,10,AC Milan,38,13,13,12,56,50,6,52,2014,serie a
310,11,Palermo,38,12,13,13,53,55,-2,49,2014,serie a
311,12,Sassuolo,38,12,13,13,49,57,-8,49,2014,serie a
312,13,Verona,38,11,13,14,49,65,-16,46,2014,serie a
313,14,Chievo,38,10,13,15,28,41,-13,43,2014,serie a
314,15,Empoli,38,8,18,12,46,52,-6,42,2014,serie a
315,16,Udinese,38,10,11,17,43,56,-13,41,2014,serie a
316,17,Atalanta,38,7,16,15,38,57,-19,37,2014,serie a
317,18,Cagliari,38,8,10,20,48,68,-20,34,2014,serie a
318,19,Cesena,38,4,12,22,36,73,-37,24,2014,serie a
319,20,Parma *,38,6,8,24,33,75,-42,19,2014,serie a
320,1,Juventus,38,33,3,2,80,23,57,102,2013,serie a
321,2,Roma,38,26,7,5,72,25,47,85,2013,serie a
322,3,Napoli,38,23,9,6,77,39,38,78,2013,serie a
323,4,Fiorentina,38,19,8,11,65,44,21,65,2013,serie a
324,5,Inter Milan,38,15,15,8,62,39,23,60,2013,serie a
325,6,Parma,38,15,13,10,58,46,12,58,2013,serie a
326,7,Torino,38,15,12,11,58,48,10,57,2013,serie a
327,8,AC Milan,38,16,9,13,57,49,8,57,2013,serie a
328,9,Lazio,38,15,11,12,54,54,0,56,2013,serie a
329,10,Verona,38,16,6,16,62,68,-6,54,2013,serie a
330,11,Atalanta,38,15,5,18,43,51,-8,50,2013,serie a
331,12,Sampdoria,38,12,9,17,48,62,-14,45,2013,serie a
332,13,Udinese,38,12,8,18,46,57,-11,44,2013,serie a
333,14,Genoa,38,11,11,16,41,50,-9,44,2013,serie a
334,15,Cagliari,38,9,12,17,34,53,-19,39,2013,serie a
335,16,Chievo,38,10,6,22,34,54,-20,36,2013,serie a
336,17,Sassuolo,38,9,7,22,43,72,-29,34,2013,serie a
337,18,Catania,38,8,8,22,34,66,-32,32,2013,serie a
338,19,Bologna,38,5,14,19,28,58,-30,29,2013,serie a
339,20,Livorno,38,6,7,25,39,77,-38,25,2013,serie a
340,1,Juventus,38,27,6,5,71,24,47,87,2012,serie a
341,2,Napoli,38,23,9,6,73,36,37,78,2012,serie a
342,3,AC Milan,38,21,9,8,67,39,28,72,2012,serie a
343,4,Fiorentina,38,21,7,10,72,44,28,70,2012,serie a
344,5,Udinese,38,18,12,8,59,45,14,66,2012,serie a
345,6,Roma,38,18,8,12,71,56,15,62,2012,serie a
346,7,Lazio,38,18,7,13,51,42,9,61,2012,serie a
347,8,Catania,38,15,11,12,50,46,4,56,2012,serie a
348,9,Inter Milan,38,16,6,16,55,57,-2,54,2012,serie a
349,10,Parma,38,13,10,15,45,46,-1,49,2012,serie a
350,11,Cagliari,38,12,11,15,43,55,-12,47,2012,serie a
351,12,Chievo,38,12,9,17,37,52,-15,45,2012,serie a
352,13,Bologna,38,11,11,16,46,52,-6,44,2012,serie a
353,14,Sampdoria *,38,11,10,17,43,51,-8,42,2012,serie a
354,15,Atalanta *,38,11,9,18,39,56,-17,40,2012,serie a
355,16,Torino *,38,8,16,14,46,55,-9,39,2012,serie a
356,17,Genoa,38,8,14,16,38,52,-14,38,2012,serie a
357,18,Palermo,38,6,14,18,34,54,-20,32,2012,serie a
358,19,Siena *,38,9,9,20,36,57,-21,30,2012,serie a
359,20,Pescara,38,6,4,28,27,84,-57,22,2012,serie a
360,1,Juventus,38,23,15,0,68,20,48,84,2011,serie a
361,2,AC Milan,38,24,8,6,74,33,41,80,2011,serie a
362,3,Udinese,38,18,10,10,52,35,17,64,2011,serie a
363,4,Lazio,38,18,8,12,56,47,9,62,2011,serie a
364,5,Napoli,38,16,13,9,66,46,20,61,2011,serie a
365,6,Inter Milan,38,17,7,14,58,55,3,58,2011,serie a
366,7,Roma,38,16,8,14,60,54,6,56,2011,serie a
367,8,Parma,38,15,11,12,54,53,1,56,2011,serie a
368,9,Bologna,38,13,12,13,41,43,-2,51,2011,serie a
369,10,Chievo,38,12,13,13,35,45,-10,49,2011,serie a
370,11,Catania,38,11,15,12,47,52,-5,48,2011,serie a
371,12,Atalanta *,38,13,13,12,41,43,-2,46,2011,serie a
372,13,Fiorentina,38,11,13,14,37,43,-6,46,2011,serie a
373,14,Siena,38,11,11,16,45,45,0,44,2011,serie a
374,15,Cagliari,38,10,13,15,37,46,-9,43,2011,serie a
375,16,Palermo,38,11,10,17,52,62,-10,43,2011,serie a
376,17,Genoa,38,11,9,18,50,69,-19,42,2011,serie a
377,18,Lecce,38,8,12,18,40,56,-16,36,2011,serie a
378,19,Novara,38,7,11,20,35,65,-30,32,2011,serie a
379,20,Cesena,38,4,10,24,24,60,-36,22,2011,serie a
380,1,AC Milan,38,24,10,4,65,24,41,82,2010,serie a
381,2,Inter Milan,38,23,7,8,69,42,27,76,2010,serie a
382,3,Napoli,38,21,7,10,59,39,20,70,2010,serie a
383,4,Udinese,38,20,6,12,65,43,22,66,2010,serie a
384,5,Lazio,38,20,6,12,55,39,16,66,2010,serie a
385,6,Roma,38,18,9,11,59,52,7,63,2010,serie a
386,7,Juventus,38,15,13,10,57,47,10,58,2010,serie a
387,8,Palermo,38,17,5,16,58,63,-5,56,2010,serie a
388,9,Fiorentina,38,12,15,11,49,44,5,51,2010,serie a
389,10,Genoa,38,14,9,15,45,47,-2,51,2010,serie a
390,11,Chievo,38,11,13,14,38,40,-2,46,2010,serie a
391,12,Parma,38,11,13,14,39,47,-8,46,2010,serie a
392,13,Catania,38,12,10,16,40,52,-12,46,2010,serie a
393,14,Cagliari,38,12,9,17,44,51,-7,45,2010,serie a
394,15,Cesena,38,11,10,17,38,50,-12,43,2010,serie a
395,16,Bologna *,38,11,12,15,35,52,-17,42,2010,serie a
396,17,Lecce,38,11,8,19,46,66,-20,41,2010,serie a
397,18,Sampdoria,38,8,12,18,33,49,-16,36,2010,serie a
398,19,Brescia,38,7,11,20,34,52,-18,32,2010,serie a
399,20,Bari,38,5,9,24,27,56,-29,24,2010,serie a
400,1,Inter Milan,38,24,10,4,75,34,41,82,2009,serie a
401,2,Roma,38,24,8,6,68,41,27,80,2009,serie a
402,3,AC Milan,38,20,10,8,60,39,21,70,2009,serie a
403,4,Sampdoria,38,19,10,9,49,41,8,67,2009,serie a
404,5,Palermo,38,18,11,9,59,47,12,65,2009,serie a
405,6,Napoli,38,15,14,9,50,43,7,59,2009,serie a
406,7,Juventus,38,16,7,15,55,56,-1,55,2009,serie a
407,8,Parma,38,14,10,14,46,51,-5,52,2009,serie a
408,9,Genoa,38,14,9,15,57,61,-4,51,2009,serie a
409,10,Bari,38,13,11,14,49,49,0,50,2009,serie a
410,11,Fiorentina,38,13,8,17,48,47,1,47,2009,serie a
411,12,Lazio,38,11,13,14,39,43,-4,46,2009,serie a
412,13,Catania,38,10,15,13,44,45,-1,45,2009,serie a
413,14,Chievo,38,12,8,18,37,42,-5,44,2009,serie a
414,15,Udinese,38,11,11,16,54,59,-5,44,2009,serie a
415,16,Cagliari,38,11,11,16,56,58,-2,44,2009,serie a
416,17,Bologna,38,10,12,16,42,55,-13,42,2009,serie a
417,18,Atalanta,38,9,8,21,37,53,-16,35,2009,serie a
418,19,Siena,38,7,10,21,40,67,-27,31,2009,serie a
419,20,Livorno,38,7,8,23,27,61,-34,29,2009,serie a
420,1,Inter Milan,38,25,9,4,70,32,38,84,2008,serie a
421,2,Juventus,38,21,11,6,69,37,32,74,2008,serie a
422,3,AC Milan,38,22,8,8,70,35,35,74,2008,serie a
423,4,Fiorentina,38,21,5,12,53,38,15,68,2008,serie a
424,5,Genoa,38,19,11,8,56,39,17,68,2008,serie a
425,6,Roma,38,18,9,11,64,61,3,63,2008,serie a
426,7,Udinese,38,16,10,12,61,51,10,58,2008,serie a
427,8,Palermo,38,17,6,15,57,51,6,57,2008,serie a
428,9,Cagliari,38,15,8,15,49,50,-1,53,2008,serie a
429,10,Lazio,38,15,5,18,46,55,-9,50,2008,serie a
430,11,Atalanta,38,13,8,17,45,49,-4,47,2008,serie a
431,12,Napoli,38,12,10,16,43,45,-2,46,2008,serie a
432,13,Sampdoria,38,11,13,14,49,54,-5,46,2008,serie a
433,14,Siena,38,12,8,18,33,44,-11,44,2008,serie a
434,15,Catania,38,12,7,19,41,51,-10,43,2008,serie a
435,16,Chievo,38,8,14,16,35,49,-14,38,2008,serie a
436,17,Bologna,38,9,10,19,43,62,-19,37,2008,serie a
437,18,Torino,38,8,10,20,37,61,-24,34,2008,serie a
438,19,Reggina,38,6,13,19,30,62,-32,31,2008,serie a
439,20,Lecce,38,5,15,18,37,67,-30,30,2008,serie a
440,1,Barcelona,38,26,9,3,90,36,54,87,2018,la liga
441,2,Atletico Madrid,38,22,10,6,55,29,26,76,2018,la liga
442,3,Real Madrid,38,21,5,12,63,46,17,68,2018,la liga
443,4,Valencia,38,15,16,7,51,35,16,61,2018,la liga
444,5,Getafe,38,15,14,9,48,35,13,59,2018,la liga
445,6,Sevilla,38,17,8,13,62,47,15,59,2018,la liga
446,7,Espanyol,38,14,11,13,48,50,-2,53,2018,la liga
447,8,Athletic Bilbao,38,13,14,11,41,45,-4,53,2018,la liga
448,9,Real Sociedad,38,13,11,14,45,46,-1,50,2018,la liga
449,10,Real Betis,38,14,8,16,44,52,-8,50,2018,la liga
450,11,Alaves,38,13,11,14,39,50,-11,50,2018,la liga
451,12,Eibar,38,11,14,13,46,50,-4,47,2018,la liga
452,13,Leganes,38,11,12,15,37,43,-6,45,2018,la liga
453,14,Villarreal,38,10,14,14,49,52,-3,44,2018,la liga
454,15,Levante,38,11,11,16,59,66,-7,44,2018,la liga
455,16,Real Valladolid,38,10,11,17,32,51,-19,41,2018,la liga
456,17,Celta Vigo,38,10,11,17,53,62,-9,41,2018,la liga
457,18,Girona,38,9,10,19,37,53,-16,37,2018,la liga
458,19,SD Huesca,38,7,12,19,43,65,-22,33,2018,la liga
459,20,Rayo Vallecano,38,8,8,22,41,70,-29,32,2018,la liga
460,1,Barcelona,38,28,9,1,99,29,70,93,2017,la liga
461,2,Atletico Madrid,38,23,10,5,58,22,36,79,2017,la liga
462,3,Real Madrid,38,22,10,6,94,44,50,76,2017,la liga
463,4,Valencia,38,22,7,9,65,38,27,73,2017,la liga
464,5,Villarreal,38,18,7,13,57,50,7,61,2017,la liga
465,6,Real Betis,38,18,6,14,60,61,-1,60,2017,la liga
466,7,Sevilla,38,17,7,14,49,58,-9,58,2017,la liga
467,8,Getafe,38,15,10,13,42,33,9,55,2017,la liga
468,9,Eibar,38,14,9,15,44,50,-6,51,2017,la liga
469,10,Girona,38,14,9,15,50,59,-9,51,2017,la liga
470,11,Espanyol,38,12,13,13,36,42,-6,49,2017,la liga
471,12,Real Sociedad,38,14,7,17,66,59,7,49,2017,la liga
472,13,Celta Vigo,38,13,10,15,59,60,-1,49,2017,la liga
473,14,Alaves,38,15,2,21,40,50,-10,47,2017,la liga
474,15,Levante,38,11,13,14,44,58,-14,46,2017,la liga
475,16,Athletic Bilbao,38,10,13,15,41,49,-8,43,2017,la liga
476,17,Leganes,38,12,7,19,34,51,-17,43,2017,la liga
477,18,Deportivo La Coruna,38,6,11,21,38,76,-38,29,2017,la liga
478,19,Las Palmas,38,5,7,26,24,74,-50,22,2017,la liga
479,20,Malaga,38,5,5,28,24,61,-37,20,2017,la liga
480,1,Real Madrid,38,29,6,3,106,41,65,93,2016,la liga
481,2,Barcelona,38,28,6,4,116,37,79,90,2016,la liga
482,3,Atletico Madrid,38,23,9,6,70,27,43,78,2016,la liga
483,4,Sevilla,38,21,9,8,69,49,20,72,2016,la liga
484,5,Villarreal,38,19,10,9,56,33,23,67,2016,la liga
485,6,Real Sociedad,38,19,7,12,59,53,6,64,2016,la liga
486,7,Athletic Bilbao,38,19,6,13,53,43,10,63,2016,la liga
487,8,Espanyol,38,15,11,12,49,50,-1,56,2016,la liga
488,9,Alaves,38,14,13,11,41,43,-2,55,2016,la liga
489,10,Eibar,38,15,9,14,56,51,5,54,2016,la liga
490,11,Malaga,38,12,10,16,49,55,-6,46,2016,la liga
491,12,Valencia,38,13,7,18,56,65,-9,46,2016,la liga
492,13,Celta Vigo,38,13,6,19,53,69,-16,45,2016,la liga
493,14,Las Palmas,38,10,9,19,53,74,-21,39,2016,la liga
494,15,Real Betis,38,10,9,19,41,64,-23,39,2016,la liga
495,16,Deportivo La Coruna,38,8,12,18,43,61,-18,36,2016,la liga
496,17,Leganes,38,8,11,19,36,55,-19,35,2016,la liga
497,18,Sporting Gijon,38,7,10,21,42,72,-30,31,2016,la liga
498,19,Osasuna,38,4,10,24,40,94,-54,22,2016,la liga
499,20,Granada,38,4,8,26,30,82,-52,20,2016,la liga
500,1,Barcelona,38,29,4,5,112,29,83,91,2015,la liga
501,2,Real Madrid,38,28,6,4,110,34,76,90,2015,la liga
502,3,Atletico Madrid,38,28,4,6,63,18,45,88,2015,la liga
503,4,Villarreal,38,18,10,10,44,35,9,64,2015,la liga
504,5,Athletic Bilbao,38,18,8,12,58,45,13,62,2015,la liga
505,6,Celta Vigo,38,17,9,12,51,59,-8,60,2015,la liga
506,7,Sevilla,38,14,10,14,51,50,1,52,2015,la liga
507,8,Malaga,38,12,12,14,38,35,3,48,2015,la liga
508,9,Real Sociedad,38,13,9,16,45,48,-3,48,2015,la liga
509,10,Real Betis,38,11,12,15,34,52,-18,45,2015,la liga
510,11,Las Palmas,38,12,8,18,45,53,-8,44,2015,la liga
511,12,Valencia,38,11,11,16,46,48,-2,44,2015,la liga
512,13,Espanyol,38,12,7,19,40,74,-34,43,2015,la liga
513,14,Eibar,38,11,10,17,49,61,-12,43,2015,la liga
514,15,Deportivo La Coruna,38,8,18,12,45,61,-16,42,2015,la liga
515,16,Granada,38,10,9,19,46,69,-23,39,2015,la liga
516,17,Sporting Gijon,38,10,9,19,40,62,-22,39,2015,la liga
517,18,Rayo Vallecano,38,9,11,18,52,73,-21,38,2015,la liga
518,19,Getafe,38,9,9,20,37,67,-30,36,2015,la liga
519,20,Levante,38,8,8,22,37,70,-33,32,2015,la liga
520,1,Barcelona,38,30,4,4,110,21,89,94,2014,la liga
521,2,Real Madrid,38,30,2,6,118,38,80,92,2014,la liga
522,3,Atletico Madrid,38,23,9,6,67,29,38,78,2014,la liga
523,4,Valencia,38,22,11,5,70,32,38,77,2014,la liga
524,5,Sevilla,38,23,7,8,71,45,26,76,2014,la liga
525,6,Villarreal,38,16,12,10,48,37,11,60,2014,la liga
526,7,Athletic Bilbao,38,15,10,13,42,41,1,55,2014,la liga
527,8,Celta Vigo,38,13,12,13,47,44,3,51,2014,la liga
528,9,Malaga,38,14,8,16,42,48,-6,50,2014,la liga
529,10,Espanyol,38,13,10,15,47,51,-4,49,2014,la liga
530,11,Rayo Vallecano,38,15,4,19,46,68,-22,49,2014,la liga
531,12,Real Sociedad,38,11,13,14,44,51,-7,46,2014,la liga
532,13,Elche,38,11,8,19,35,62,-27,41,2014,la liga
533,14,Levante,38,9,10,19,34,67,-33,37,2014,la liga
534,15,Getafe,38,10,7,21,33,64,-31,37,2014,la liga
535,16,Deportivo La Coruna,38,7,14,17,35,60,-25,35,2014,la liga
536,17,Granada,38,7,14,17,29,64,-35,35,2014,la liga
537,18,Eibar,38,9,8,21,34,55,-21,35,2014,la liga
538,19,Almeria,38,8,8,22,35,64,-29,32,2014,la liga
539,20,Cordoba,38,3,11,24,22,68,-46,20,2014,la liga
540,1,Atletico Madrid,38,28,6,4,77,26,51,90,2013,la liga
541,2,Barcelona,38,27,6,5,100,33,67,87,2013,la liga
542,3,Real Madrid,38,27,6,5,104,38,66,87,2013,la liga
543,4,Athletic Bilbao,38,20,10,8,66,39,27,70,2013,la liga
544,5,Sevilla,38,18,9,11,69,52,17,63,2013,la liga
545,6,Villarreal,38,17,8,13,60,44,16,59,2013,la liga
546,7,Real Sociedad,38,16,11,11,62,55,7,59,2013,la liga
547,8,Valencia,38,13,10,15,51,53,-2,49,2013,la liga
548,9,Celta Vigo,38,14,7,17,49,54,-5,49,2013,la liga
549,10,Levante,38,12,12,14,35,43,-8,48,2013,la liga
550,11,Malaga,38,12,9,17,39,46,-7,45,2013,la liga
551,12,Rayo Vallecano,38,13,4,21,46,80,-34,43,2013,la liga
552,13,Getafe,38,11,9,18,35,54,-19,42,2013,la liga
553,14,Espanyol,38,11,9,18,41,51,-10,42,2013,la liga
554,15,Granada,38,12,5,21,32,56,-24,41,2013,la liga
555,16,Elche,38,9,13,16,30,50,-20,40,2013,la liga
556,17,Almeria,38,11,7,20,43,71,-28,40,2013,la liga
557,18,Osasuna,38,10,9,19,32,62,-30,39,2013,la liga
558,19,Real Valladolid,38,7,15,16,38,60,-22,36,2013,la liga
559,20,Real Betis,38,6,7,25,36,78,-42,25,2013,la liga
560,1,Barcelona,38,32,4,2,115,40,75,100,2012,la liga
561,2,Real Madrid,38,26,7,5,103,42,61,85,2012,la liga
562,3,Atletico Madrid,38,23,7,8,65,31,34,76,2012,la liga
563,4,Real Sociedad,38,18,12,8,70,49,21,66,2012,la liga
564,5,Valencia,38,19,8,11,67,54,13,65,2012,la liga
565,6,Malaga,38,16,9,13,53,50,3,57,2012,la liga
566,7,Real Betis,38,16,8,14,57,56,1,56,2012,la liga
567,8,Rayo Vallecano,38,16,5,17,50,66,-16,53,2012,la liga
568,9,Sevilla,38,14,8,16,58,54,4,50,2012,la liga
569,10,Getafe,38,13,8,17,43,57,-14,47,2012,la liga
570,11,Levante,38,12,10,16,40,57,-17,46,2012,la liga
571,12,Athletic Bilbao,38,12,9,17,44,65,-21,45,2012,la liga
572,13,Espanyol,38,11,11,16,43,52,-9,44,2012,la liga
573,14,Real Valladolid,38,11,10,17,49,58,-9,43,2012,la liga
574,15,Granada,38,11,9,18,37,54,-17,42,2012,la liga
575,16,Osasuna,38,10,9,19,33,50,-17,39,2012,la liga
576,17,Celta Vigo,38,10,7,21,37,52,-15,37,2012,la liga
577,18,Real Mallorca,38,9,9,20,43,72,-29,36,2012,la liga
578,19,Deportivo La Coruna,38,8,11,19,47,70,-23,35,2012,la liga
579,20,Real Zaragoza,38,9,7,22,37,62,-25,34,2012,la liga
580,1,Real Madrid,38,32,4,2,121,32,89,100,2011,la liga
581,2,Barcelona,38,28,7,3,114,29,85,91,2011,la liga
582,3,Valencia,38,17,10,11,59,44,15,61,2011,la liga
583,4,Malaga,38,17,7,14,54,53,1,58,2011,la liga
584,5,Atletico Madrid,38,15,11,12,53,46,7,56,2011,la liga
585,6,Levante,38,16,7,15,54,50,4,55,2011,la liga
586,7,Osasuna,38,13,15,10,44,61,-17,54,2011,la liga
587,8,Real Mallorca,38,14,10,14,42,46,-4,52,2011,la liga
588,9,Sevilla,38,13,11,14,48,47,1,50,2011,la liga
589,10,Athletic Bilbao,38,12,13,13,49,52,-3,49,2011,la liga
590,11,Getafe,38,12,11,15,40,51,-11,47,2011,la liga
591,12,Real Sociedad,38,12,11,15,46,52,-6,47,2011,la liga
592,13,Real Betis,38,13,8,17,47,56,-9,47,2011,la liga
593,14,Espanyol,38,12,10,16,46,56,-10,46,2011,la liga
594,15,Rayo Vallecano,38,13,4,21,53,73,-20,43,2011,la liga
595,16,Real Zaragoza,38,12,7,19,36,61,-25,43,2011,la liga
596,17,Granada,38,12,6,20,35,56,-21,42,2011,la liga
597,18,Villarreal,38,9,14,15,39,53,-14,41,2011,la liga
598,19,Sporting Gijon,38,10,7,21,42,69,-27,37,2011,la liga
599,20,Racing Santander,38,4,15,19,28,63,-35,27,2011,la liga
600,1,Barcelona,38,30,6,2,95,21,74,96,2010,la liga
601,2,Real Madrid,38,29,5,4,102,33,69,92,2010,la liga
602,3,Valencia,38,21,8,9,64,44,20,71,2010,la liga
603,4,Villarreal,38,18,8,12,54,44,10,62,2010,la liga
604,5,Sevilla,38,17,7,14,62,61,1,58,2010,la liga
605,6,Athletic Bilbao,38,18,4,16,59,55,4,58,2010,la liga
606,7,Atletico Madrid,38,17,7,14,62,53,9,58,2010,la liga
607,8,Espanyol,38,15,4,19,46,55,-9,49,2010,la liga
608,9,Osasuna,38,13,8,17,45,46,-1,47,2010,la liga
609,10,Sporting Gijon,38,11,14,13,35,42,-7,47,2010,la liga
610,11,Malaga,38,13,7,18,54,68,-14,46,2010,la liga
611,12,Racing Santander,38,12,10,16,41,56,-15,46,2010,la liga
612,13,Real Zaragoza,38,12,9,17,40,53,-13,45,2010,la liga
613,14,Levante,38,12,9,17,41,52,-11,45,2010,la liga
614,15,Real Sociedad,38,14,3,21,49,66,-17,45,2010,la liga
615,16,Getafe,38,12,8,18,49,60,-11,44,2010,la liga
616,17,Real Mallorca,38,12,8,18,41,56,-15,44,2010,la liga
617,18,Deportivo La Coruna,38,10,13,15,31,47,-16,43,2010,la liga
618,19,Hercules,38,9,8,21,36,60,-24,35,2010,la liga
619,20,Almeria,38,6,12,20,36,70,-34,30,2010,la liga
620,1,Barcelona,38,31,6,1,98,24,74,99,2009,la liga
621,2,Real Madrid,38,31,3,4,102,35,67,96,2009,la liga
622,3,Valencia,38,21,8,9,59,40,19,71,2009,la liga
623,4,Sevilla,38,19,6,13,65,49,16,63,2009,la liga
624,5,Real Mallorca,38,18,8,12,59,44,15,62,2009,la liga
625,6,Getafe,38,17,7,14,58,48,10,58,2009,la liga
626,7,Villarreal,38,16,8,14,58,57,1,56,2009,la liga
627,8,Athletic Bilbao,38,15,9,14,50,53,-3,54,2009,la liga
628,9,Atletico Madrid,38,13,8,17,57,61,-4,47,2009,la liga
629,10,Deportivo La Coruna,38,13,8,17,35,49,-14,47,2009,la liga
630,11,Espanyol,38,11,11,16,29,46,-17,44,2009,la liga
631,12,Osasuna,38,11,10,17,37,46,-9,43,2009,la liga
632,13,Almeria,38,10,12,16,43,55,-12,42,2009,la liga
633,14,Real Zaragoza,38,10,11,17,46,64,-18,41,2009,la liga
634,15,Sporting Gijon,38,9,13,16,36,51,-15,40,2009,la liga
635,16,Racing Santander,38,9,12,17,42,59,-17,39,2009,la liga
636,17,Malaga,38,7,16,15,42,48,-6,37,2009,la liga
637,18,Tenerife,38,9,9,20,40,74,-34,36,2009,la liga
638,19,Real Valladolid,38,7,15,16,37,62,-25,36,2009,la liga
639,20,Xerez,38,8,10,20,38,66,-28,34,2009,la liga
640,1,Barcelona,38,27,6,5,105,35,70,87,2008,la liga
641,2,Real Madrid,38,25,3,10,83,52,31,78,2008,la liga
642,3,Sevilla,38,21,7,10,54,39,15,70,2008,la liga
643,4,Atletico Madrid,38,20,7,11,80,57,23,67,2008,la liga
644,5,Villarreal,38,18,11,9,61,54,7,65,2008,la liga
645,6,Valencia,38,18,8,12,68,54,14,62,2008,la liga
646,7,Deportivo La Coruna,38,16,10,12,48,47,1,58,2008,la liga
647,8,Malaga,38,15,10,13,55,59,-4,55,2008,la liga
648,9,Real Mallorca,38,14,9,15,53,60,-7,51,2008,la liga
649,10,Espanyol,38,12,11,15,46,49,-3,47,2008,la liga
650,11,Almeria,38,13,7,18,45,61,-16,46,2008,la liga
651,12,Racing Santander,38,12,10,16,49,48,1,46,2008,la liga
652,13,Athletic Bilbao,38,12,8,18,47,62,-15,44,2008,la liga
653,14,Sporting Gijon,38,14,1,23,47,79,-32,43,2008,la liga
654,15,Real Valladolid,38,12,7,19,46,58,-12,43,2008,la liga
655,16,Osasuna,38,10,13,15,41,47,-6,43,2008,la liga
656,17,Getafe,38,10,12,16,50,56,-6,42,2008,la liga
657,18,Real Betis,38,10,12,16,51,58,-7,42,2008,la liga
658,19,Numancia,38,10,5,23,38,69,-31,35,2008,la liga
659,20,Recreativo Huelva,38,8,9,21,34,57,-23,33,2008,la liga
660,1,Bayern Munich,34,24,6,4,88,32,56,78,2018,bundesliga
661,2,Borussia Dortmund,34,23,7,4,81,44,37,76,2018,bundesliga
662,3,RB Leipzig,34,19,9,6,63,29,34,66,2018,bundesliga
663,4,Bayer Leverkusen,34,18,4,12,69,52,17,58,2018,bundesliga
664,5,M'gladbach,34,16,7,11,55,42,13,55,2018,bundesliga
665,6,Wolfsburg,34,16,7,11,62,50,12,55,2018,bundesliga
666,7,Eintracht Frankfurt,34,15,9,10,60,48,12,54,2018,bundesliga
667,8,Werder Bremen,34,14,11,9,58,49,9,53,2018,bundesliga
668,9,Hoffenheim,34,13,12,9,70,52,18,51,2018,bundesliga
669,10,Fortuna DÃ¼sseldorf,34,13,5,16,49,65,-16,44,2018,bundesliga
670,11,Hertha Berlin,34,11,10,13,49,57,-8,43,2018,bundesliga
671,12,Mainz,34,12,7,15,46,57,-11,43,2018,bundesliga
672,13,SC Freiburg,34,8,12,14,46,61,-15,36,2018,bundesliga
673,14,Schalke,34,8,9,17,37,55,-18,33,2018,bundesliga
674,15,FC Augsburg,34,8,8,18,51,71,-20,32,2018,bundesliga
675,16,Stuttgart,34,7,7,20,32,70,-38,28,2018,bundesliga
676,17,Hannover 96,34,5,6,23,31,71,-40,21,2018,bundesliga
677,18,FC Nurnberg,34,3,10,21,26,68,-42,19,2018,bundesliga
678,1,Bayern Munich,34,27,3,4,92,28,64,84,2017,bundesliga
679,2,Schalke,34,18,9,7,53,37,16,63,2017,bundesliga
680,3,Hoffenheim,34,15,10,9,66,48,18,55,2017,bundesliga
681,4,Borussia Dortmund,34,15,10,9,64,47,17,55,2017,bundesliga
682,5,Bayer Leverkusen,34,15,10,9,58,44,14,55,2017,bundesliga
683,6,RB Leipzig,34,15,8,11,57,53,4,53,2017,bundesliga
684,7,Stuttgart,34,15,6,13,36,36,0,51,2017,bundesliga
685,8,Eintracht Frankfurt,34,14,7,13,45,45,0,49,2017,bundesliga
686,9,M'gladbach,34,13,8,13,47,52,-5,47,2017,bundesliga
687,10,Hertha Berlin,34,10,13,11,43,46,-3,43,2017,bundesliga
688,11,Werder Bremen,34,10,12,12,37,40,-3,42,2017,bundesliga
689,12,FC Augsburg,34,10,11,13,43,46,-3,41,2017,bundesliga
690,13,Hannover 96,34,10,9,15,44,54,-10,39,2017,bundesliga
691,14,Mainz,34,9,9,16,38,52,-14,36,2017,bundesliga
692,15,SC Freiburg,34,8,12,14,32,56,-24,36,2017,bundesliga
693,16,Wolfsburg,34,6,15,13,36,48,-12,33,2017,bundesliga
694,17,Hamburg,34,8,7,19,29,53,-24,31,2017,bundesliga
695,18,Cologne,34,5,7,22,35,70,-35,22,2017,bundesliga
696,1,Bayern Munich,34,25,7,2,89,22,67,82,2016,bundesliga
697,2,RB Leipzig,34,20,7,7,66,39,27,67,2016,bundesliga
698,3,Borussia Dortmund,34,18,10,6,72,40,32,64,2016,bundesliga
699,4,Hoffenheim,34,16,14,4,64,37,27,62,2016,bundesliga
700,5,Cologne,34,12,13,9,51,42,9,49,2016,bundesliga
701,6,Hertha Berlin,34,15,4,15,43,47,-4,49,2016,bundesliga
702,7,SC Freiburg,34,14,6,14,42,60,-18,48,2016,bundesliga
703,8,Werder Bremen,34,13,6,15,61,64,-3,45,2016,bundesliga
704,9,M'gladbach,34,12,9,13,45,49,-4,45,2016,bundesliga
705,10,Schalke,34,11,10,13,45,40,5,43,2016,bundesliga
706,11,Eintracht Frankfurt,34,11,9,14,36,43,-7,42,2016,bundesliga
707,12,Bayer Leverkusen,34,11,8,15,53,55,-2,41,2016,bundesliga
708,13,FC Augsburg,34,9,11,14,35,51,-16,38,2016,bundesliga
709,14,Hamburg,34,10,8,16,33,61,-28,38,2016,bundesliga
710,15,Mainz,34,10,7,17,44,55,-11,37,2016,bundesliga
711,16,Wolfsburg,34,10,7,17,34,52,-18,37,2016,bundesliga
712,17,FC Ingolstadt 04,34,8,8,18,36,57,-21,32,2016,bundesliga
713,18,SV Darmstadt 98,34,7,4,23,28,63,-35,25,2016,bundesliga
714,1,Bayern Munich,34,28,4,2,80,17,63,88,2015,bundesliga
715,2,Borussia Dortmund,34,24,6,4,82,34,48,78,2015,bundesliga
716,3,Bayer Leverkusen,34,18,6,10,56,40,16,60,2015,bundesliga
717,4,M'gladbach,34,17,4,13,67,50,17,55,2015,bundesliga
718,5,Schalke,34,15,7,12,51,49,2,52,2015,bundesliga
719,6,Mainz,34,14,8,12,46,42,4,50,2015,bundesliga
720,7,Hertha Berlin,34,14,8,12,42,42,0,50,2015,bundesliga
721,8,Wolfsburg,34,12,9,13,47,49,-2,45,2015,bundesliga
722,9,Cologne,34,10,13,11,38,42,-4,43,2015,bundesliga
723,10,Hamburg,34,11,8,15,40,46,-6,41,2015,bundesliga
724,11,FC Ingolstadt 04,34,10,10,14,33,42,-9,40,2015,bundesliga
725,12,FC Augsburg,34,9,11,14,42,52,-10,38,2015,bundesliga
726,13,Werder Bremen,34,10,8,16,50,65,-15,38,2015,bundesliga
727,14,SV Darmstadt 98,34,9,11,14,38,53,-15,38,2015,bundesliga
728,15,Hoffenheim,34,9,10,15,39,54,-15,37,2015,bundesliga
729,16,Eintracht Frankfurt,34,9,9,16,34,52,-18,36,2015,bundesliga
730,17,Stuttgart,34,9,6,19,50,75,-25,33,2015,bundesliga
731,18,Hannover 96,34,7,4,23,31,62,-31,25,2015,bundesliga
732,1,Bayern Munich,34,25,4,5,80,18,62,79,2014,bundesliga
733,2,Wolfsburg,34,20,9,5,72,38,34,69,2014,bundesliga
734,3,M'gladbach,34,19,9,6,53,26,27,66,2014,bundesliga
735,4,Bayer Leverkusen,34,17,10,7,62,37,25,61,2014,bundesliga
736,5,FC Augsburg,34,15,4,15,43,43,0,49,2014,bundesliga
737,6,Schalke,34,13,9,12,42,40,2,48,2014,bundesliga
738,7,Borussia Dortmund,34,13,7,14,47,42,5,46,2014,bundesliga
739,8,Hoffenheim,34,12,8,14,49,55,-6,44,2014,bundesliga
740,9,Eintracht Frankfurt,34,11,10,13,56,62,-6,43,2014,bundesliga
741,10,Werder Bremen,34,11,10,13,50,65,-15,43,2014,bundesliga
742,11,Mainz,34,9,13,12,45,47,-2,40,2014,bundesliga
743,12,Cologne,34,9,13,12,34,40,-6,40,2014,bundesliga
744,13,Hannover 96,34,9,10,15,40,56,-16,37,2014,bundesliga
745,14,Stuttgart,34,9,9,16,42,60,-18,36,2014,bundesliga
746,15,Hertha Berlin,34,9,8,17,36,52,-16,35,2014,bundesliga
747,16,Hamburg,34,9,8,17,25,50,-25,35,2014,bundesliga
748,17,SC Freiburg,34,7,13,14,36,47,-11,34,2014,bundesliga
749,18,SC Paderborn 07,34,7,10,17,31,65,-34,31,2014,bundesliga
750,1,Bayern Munich,34,29,3,2,94,23,71,90,2013,bundesliga
751,2,Borussia Dortmund,34,22,5,7,80,38,42,71,2013,bundesliga
752,3,Schalke,34,19,7,8,63,43,20,64,2013,bundesliga
753,4,Bayer Leverkusen,34,19,4,11,60,41,19,61,2013,bundesliga
754,5,Wolfsburg,34,18,6,10,63,50,13,60,2013,bundesliga
755,6,M'gladbach,34,16,7,11,59,43,16,55,2013,bundesliga
756,7,Mainz,34,16,5,13,52,54,-2,53,2013,bundesliga
757,8,FC Augsburg,34,15,7,12,47,47,0,52,2013,bundesliga
758,9,Hoffenheim,34,11,11,12,72,70,2,44,2013,bundesliga
759,10,Hannover 96,34,12,6,16,46,59,-13,42,2013,bundesliga
760,11,Hertha Berlin,34,11,8,15,40,48,-8,41,2013,bundesliga
761,12,Werder Bremen,34,10,9,15,42,66,-24,39,2013,bundesliga
762,13,Eintracht Frankfurt,34,9,9,16,40,57,-17,36,2013,bundesliga
763,14,SC Freiburg,34,9,9,16,43,61,-18,36,2013,bundesliga
764,15,Stuttgart,34,8,8,18,49,62,-13,32,2013,bundesliga
765,16,Hamburg,34,7,6,21,51,75,-24,27,2013,bundesliga
766,17,FC Nurnberg,34,5,11,18,37,70,-33,26,2013,bundesliga
767,18,Eintracht Braunschweig,34,6,7,21,29,60,-31,25,2013,bundesliga
768,1,Bayern Munich,34,29,4,1,98,18,80,91,2012,bundesliga
769,2,Borussia Dortmund,34,19,9,6,81,42,39,66,2012,bundesliga
770,3,Bayer Leverkusen,34,19,8,7,65,39,26,65,2012,bundesliga
771,4,Schalke,34,16,7,11,58,50,8,55,2012,bundesliga
772,5,SC Freiburg,34,14,9,11,45,40,5,51,2012,bundesliga
773,6,Eintracht Frankfurt,34,14,9,11,49,46,3,51,2012,bundesliga
774,7,Hamburg,34,14,6,14,42,53,-11,48,2012,bundesliga
775,8,M'gladbach,34,12,11,11,45,49,-4,47,2012,bundesliga
776,9,Hannover 96,34,13,6,15,60,62,-2,45,2012,bundesliga
777,10,FC Nurnberg,34,11,11,12,39,47,-8,44,2012,bundesliga
778,11,Wolfsburg,34,10,13,11,47,52,-5,43,2012,bundesliga
779,12,Stuttgart,34,12,7,15,37,55,-18,43,2012,bundesliga
780,13,Mainz,34,10,12,12,42,44,-2,42,2012,bundesliga
781,14,Werder Bremen,34,8,10,16,50,66,-16,34,2012,bundesliga
782,15,FC Augsburg,34,8,9,17,33,51,-18,33,2012,bundesliga
783,16,Hoffenheim,34,8,7,19,42,67,-25,31,2012,bundesliga
784,17,Fortuna DÃ¼sseldorf,34,7,9,18,39,57,-18,30,2012,bundesliga
785,18,Greuther Furth,34,4,9,21,26,60,-34,21,2012,bundesliga
786,1,Borussia Dortmund,34,25,6,3,80,25,55,81,2011,bundesliga
787,2,Bayern Munich,34,23,4,7,77,22,55,73,2011,bundesliga
788,3,Schalke,34,20,4,10,74,44,30,64,2011,bundesliga
789,4,M'gladbach,34,17,9,8,49,24,25,60,2011,bundesliga
790,5,Bayer Leverkusen,34,15,9,10,52,44,8,54,2011,bundesliga
791,6,Stuttgart,34,15,8,11,63,46,17,53,2011,bundesliga
792,7,Hannover 96,34,12,12,10,41,45,-4,48,2011,bundesliga
793,8,Wolfsburg,34,13,5,16,47,60,-13,44,2011,bundesliga
794,9,Werder Bremen,34,11,9,14,49,58,-9,42,2011,bundesliga
795,10,FC Nurnberg,34,12,6,16,38,49,-11,42,2011,bundesliga
796,11,Hoffenheim,34,10,11,13,41,47,-6,41,2011,bundesliga
797,12,SC Freiburg,34,10,10,14,45,61,-16,40,2011,bundesliga
798,13,Mainz,34,9,12,13,47,51,-4,39,2011,bundesliga
799,14,FC Augsburg,34,8,14,12,36,49,-13,38,2011,bundesliga
800,15,Hamburg,34,8,12,14,35,57,-22,36,2011,bundesliga
801,16,Hertha Berlin,34,7,10,17,38,64,-26,31,2011,bundesliga
802,17,Cologne,34,8,6,20,39,75,-36,30,2011,bundesliga
803,18,Kaiserslautern,34,4,11,19,24,54,-30,23,2011,bundesliga
804,1,Borussia Dortmund,34,23,6,5,67,22,45,75,2010,bundesliga
805,2,Bayer Leverkusen,34,20,8,6,64,44,20,68,2010,bundesliga
806,3,Bayern Munich,34,19,8,7,81,40,41,65,2010,bundesliga
807,4,Hannover 96,34,19,3,12,49,45,4,60,2010,bundesliga
808,5,Mainz,34,18,4,12,52,39,13,58,2010,bundesliga
809,6,FC Nurnberg,34,13,8,13,47,45,2,47,2010,bundesliga
810,7,Kaiserslautern,34,13,7,14,48,51,-3,46,2010,bundesliga
811,8,Hamburg,34,12,9,13,46,52,-6,45,2010,bundesliga
812,9,SC Freiburg,34,13,5,16,41,50,-9,44,2010,bundesliga
813,10,Cologne,34,13,5,16,47,62,-15,44,2010,bundesliga
814,11,Hoffenheim,34,11,10,13,50,50,0,43,2010,bundesliga
815,12,Stuttgart,34,12,6,16,60,59,1,42,2010,bundesliga
816,13,Werder Bremen,34,10,11,13,47,61,-14,41,2010,bundesliga
817,14,Schalke,34,11,7,16,38,44,-6,40,2010,bundesliga
818,15,Wolfsburg,34,9,11,14,43,48,-5,38,2010,bundesliga
819,16,M'gladbach,34,10,6,18,48,65,-17,36,2010,bundesliga
820,17,Eintracht Frankfurt,34,9,7,18,31,49,-18,34,2010,bundesliga
821,18,St Pauli,34,8,5,21,35,68,-33,29,2010,bundesliga
822,1,Bayern Munich,34,20,10,4,72,31,41,70,2009,bundesliga
823,2,Schalke,34,19,8,7,53,31,22,65,2009,bundesliga
824,3,Werder Bremen,34,17,10,7,71,40,31,61,2009,bundesliga
825,4,Bayer Leverkusen,34,15,14,5,65,38,27,59,2009,bundesliga
826,5,Borussia Dortmund,34,16,9,9,54,42,12,57,2009,bundesliga
827,6,Stuttgart,34,15,10,9,51,41,10,55,2009,bundesliga
828,7,Hamburg,34,13,13,8,56,41,15,52,2009,bundesliga
829,8,Wolfsburg,34,14,8,12,64,58,6,50,2009,bundesliga
830,9,Mainz,34,12,11,11,36,42,-6,47,2009,bundesliga
831,10,Eintracht Frankfurt,34,12,10,12,47,54,-7,46,2009,bundesliga
832,11,Hoffenheim,34,11,9,14,44,42,2,42,2009,bundesliga
833,12,M'gladbach,34,10,9,15,43,60,-17,39,2009,bundesliga
834,13,Cologne,34,9,11,14,33,42,-9,38,2009,bundesliga
835,14,SC Freiburg,34,9,8,17,35,59,-24,35,2009,bundesliga
836,15,Hannover 96,34,9,6,19,43,67,-24,33,2009,bundesliga
837,16,FC Nurnberg,34,8,7,19,32,58,-26,31,2009,bundesliga
838,17,Bochum,34,6,10,18,33,64,-31,28,2009,bundesliga
839,18,Hertha Berlin,34,5,9,20,34,56,-22,24,2009,bundesliga
840,1,Wolfsburg,34,21,6,7,80,41,39,69,2008,bundesliga
841,2,Bayern Munich,34,20,7,7,71,42,29,67,2008,bundesliga
842,3,Stuttgart,34,19,7,8,63,43,20,64,2008,bundesliga
843,4,Hertha Berlin,34,19,6,9,48,41,7,63,2008,bundesliga
844,5,Hamburg,34,19,4,11,49,47,2,61,2008,bundesliga
845,6,Borussia Dortmund,34,15,14,5,60,37,23,59,2008,bundesliga
846,7,Hoffenheim,34,15,10,9,63,49,14,55,2008,bundesliga
847,8,Schalke,34,14,8,12,47,35,12,50,2008,bundesliga
848,9,Bayer Leverkusen,34,14,7,13,59,46,13,49,2008,bundesliga
849,10,Werder Bremen,34,12,9,13,64,50,14,45,2008,bundesliga
850,11,Hannover 96,34,10,10,14,49,69,-20,40,2008,bundesliga
851,12,Cologne,34,11,6,17,35,50,-15,39,2008,bundesliga
852,13,Eintracht Frankfurt,34,8,9,17,39,60,-21,33,2008,bundesliga
853,14,Bochum,34,7,11,16,39,55,-16,32,2008,bundesliga
854,15,M'gladbach,34,8,7,19,39,62,-23,31,2008,bundesliga
855,16,Energie Cottbus,34,8,6,20,30,57,-27,30,2008,bundesliga
856,17,Karlsruher SC,34,8,5,21,30,54,-24,29,2008,bundesliga
857,18,Arminia Bielefeld,34,4,16,14,29,56,-27,28,2008,bundesliga
